<?xml version="1.0" encoding="UTF-8"?>
<project-private xmlns="http://www.netbeans.org/ns/project-private/1">
    <editor-bookmarks xmlns="http://www.netbeans.org/ns/editor-bookmarks/2" lastBookmarkId="0"/>
    <open-files xmlns="http://www.netbeans.org/ns/projectui-open-files/2">
        <group>
            <file>file:/J:/Sutton%20Grammar/A%20Level/AQA/Hashtables%20and%20Dictionaries/HashingStudent/src/hashing/IHash.java</file>
            <file>file:/J:/Sutton%20Grammar/A%20Level/AQA/Hashtables%20and%20Dictionaries/HashingStudent/src/hashing/Hashing.java</file>
        </group>
    </open-files>
</project-private>
